AcYr,FrisYr,Sess,Dept,Sect,Course,Msec,Rel1,Rel2,Cap,MarkCal,Activity,Class Day,Start,Finish,U/G,Disc Date
2025,2025-2026,Winter,ECE,COEN212/4-WI-X 2,COEN212,,WI-X,2,16,1.2 attibute: 0.15,LAB-Laboratory,M------,08:45,11:30,U,2026-03-23
2025,2025-2026,Winter,ECE,COEN212/4-WJ-X 2,COEN212,,WJ-X,2,16,1.2 attibute: 0.15,LAB-Laboratory,M------,08:45,11:30,U,2026-03-23
2025,2025-2026,Winter,ECE,COEN212/4-WK-X 2,COEN212,,WK-X,2,16,1.2 attibute: 0.15,LAB-Laboratory,M------,17:45,20:30,U,2026-03-23
2025,2025-2026,Winter,ECE,COEN212/4-WL-X 2,COEN212,,WL-X,2,16,1.2 attibute: 0.15,LAB-Laboratory,M------,17:45,20:30,U,2026-03-23
2025,2025-2026,Winter,ECE,COEN212/4-WM-X 2,COEN212,,WM-X,2,16,1.2 attibute: 0.15,LAB-Laboratory,M------,14:45,17:30,U,2026-03-23
2025,2025-2026,Winter,ECE,COEN212/4-WN-X 2,COEN212,,WN-X,2,16,1.2 attibute: 0.15,LAB-Laboratory,M------,14:45,17:30,U,2026-03-23
2025,2025-2026,Winter,ECE,COEN243/4-JI-X 1,COEN243,,JI-X,1,16,1.2 attibute: 0.15,LAB-Laboratory,-T-----,17:45,19:25,U,2026-03-23
2025,2025-2026,Winter,ECE,COEN243/4-JK-X 1,COEN243,,JK-X,1,16,1.2 attibute: 0.15,LAB-Laboratory,-T-----,17:45,19:25,U,2026-03-23
2025,2025-2026,Winter,ECE,COEN243/4-JL-X 1,COEN243,,JL-X,1,16,1.2 attibute: 0.15,LAB-Laboratory,---J---,17:45,19:25,U,2026-03-23
2025,2025-2026,Winter,ECE,COEN243/4-JM-X 1,COEN243,,JM-X,1,16,1.2 attibute: 0.15,LAB-Laboratory,---J---,17:45,19:25,U,2026-03-23
2025,2025-2026,Winter,ECE,COEN243/4-JN-X 1,COEN243,,JN-X,1,16,1.2 attibute: 0.15,LAB-Laboratory,M------,17:45,19:25,U,2026-03-23
2025,2025-2026,Winter,ECE,COEN243/4-JO-X 1,COEN243,,JO-X,1,16,1.2 attibute: 0.15,LAB-Laboratory,M------,17:45,19:25,U,2026-03-23
2025,2025-2026,Winter,ECE,COEN311/4-WI-X 1,COEN311,,WI-X,1,14,1.2 attibute: 0.15,LAB-Laboratory,M------,08:45,11:30,U,2026-03-23
2025,2025-2026,Winter,ECE,COEN311/4-WJ-X 1,COEN311,,WJ-X,1,14,1.2 attibute: 0.15,LAB-Laboratory,M------,08:45,11:30,U,2026-03-23
2025,2025-2026,Winter,ECE,COEN311/4-WK-X 1,COEN311,,WK-X,1,14,1.2 attibute: 0.15,LAB-Laboratory,----F--,10:15,13:00,U,2026-03-23
2025,2025-2026,Winter,ECE,COEN311/4-WL-X 1,COEN311,,WL-X,1,14,1.2 attibute: 0.15,LAB-Laboratory,----F--,10:15,13:00,U,2026-03-23
2025,2025-2026,Winter,ECE,COEN311/4-WM-X 1,COEN311,,WM-X,1,14,1.2 attibute: 0.15,LAB-Laboratory,-T-----,10:15,13:00,U,2026-03-23
2025,2025-2026,Winter,ECE,COEN311/4-WN-X 1,COEN311,,WN-X,1,14,1.2 attibute: 0.15,LAB-Laboratory,-T-----,10:15,13:00,U,2026-03-23
2025,2025-2026,Winter,ECE,COEN311/4-WO-X 1,COEN311,,WO-X,1,14,1.2 attibute: 0.15,LAB-Laboratory,---J---,11:45,14:30,U,2026-03-23
2025,2025-2026,Winter,ECE,COEN311/4-WP-X 1,COEN311,,WP-X,1,14,1.2 attibute: 0.15,LAB-Laboratory,---J---,11:45,14:30,U,2026-03-23
2025,2025-2026,Winter,ECE,COEN311/4-YI-X 2,COEN311,,YI-X,2,14,1.2 attibute: 0.15,LAB-Laboratory,-T-----,13:15,16:00,U,2026-03-23
2025,2025-2026,Winter,ECE,COEN311/4-YJ-X 2,COEN311,,YJ-X,2,14,1.2 attibute: 0.15,LAB-Laboratory,-T-----,13:15,16:00,U,2026-03-23
2025,2025-2026,Winter,ECE,COEN311/4-YK-X 2,COEN311,,YK-X,2,14,1.2 attibute: 0.15,LAB-Laboratory,---J---,14:45,17:30,U,2026-03-23
2025,2025-2026,Winter,ECE,COEN311/4-YL-X 2,COEN311,,YL-X,2,14,1.2 attibute: 0.15,LAB-Laboratory,---J---,14:45,17:30,U,2026-03-23
2025,2025-2026,Winter,ECE,COEN311/4-YM-X 2,COEN311,,YM-X,2,14,1.2 attibute: 0.15,LAB-Laboratory,--W----,08:45,11:30,U,2026-03-23
2025,2025-2026,Winter,ECE,COEN311/4-YN-X 2,COEN311,,YN-X,2,14,1.2 attibute: 0.15,LAB-Laboratory,--W----,11:45,14:30,U,2026-03-23
2025,2025-2026,Winter,ECE,COEN311/4-YO-X 2,COEN311,,YO-X,2,14,1.2 attibute: 0.15,LAB-Laboratory,----F--,08:45,11:30,U,2026-03-23
2025,2025-2026,Winter,ECE,COEN311/4-YP-X 2,COEN311,,YP-X,2,14,1.2 attibute: 0.15,LAB-Laboratory,----F--,08:45,11:30,U,2026-03-23
2025,2025-2026,Winter,ECE,COEN313/4-UI-X 2,COEN313,,UI-X,2,14,1.2 attibute: 0.15,LAB-Laboratory,--W----,14:45,17:30,U,2026-03-23
2025,2025-2026,Winter,ECE,COEN313/4-UJ-X 2,COEN313,,UJ-X,2,14,1.2 attibute: 0.15,LAB-Laboratory,--W----,14:45,17:30,U,2026-03-23
2025,2025-2026,Winter,ECE,COEN313/4-UK-X 2,COEN313,,UK-X,2,14,1.2 attibute: 0.15,LAB-Laboratory,---J---,14:45,17:30,U,2026-03-23
2025,2025-2026,Winter,ECE,COEN313/4-UL-X 2,COEN313,,UL-X,2,14,1.2 attibute: 0.15,LAB-Laboratory,---J---,14:45,17:30,U,2026-03-23
2025,2025-2026,Winter,ECE,COEN313/4-UM-X 2,COEN313,,UM-X,2,14,1.2 attibute: 0.15,LAB-Laboratory,M------,17:45,20:30,U,2026-03-23
2025,2025-2026,Winter,ECE,COEN313/4-UN-X 2,COEN313,,UN-X,2,14,1.2 attibute: 0.15,LAB-Laboratory,M------,17:45,20:30,U,2026-03-23
2025,2025-2026,Winter,ECE,COEN313/4-UO-X 2,COEN313,,UO-X,2,14,1.2 attibute: 0.15,LAB-Laboratory,----F--,17:45,20:30,U,2026-03-23
2025,2025-2026,Winter,ECE,COEN313/4-UP-X 2,COEN313,,UP-X,2,14,1.2 attibute: 0.15,LAB-Laboratory,----F--,17:45,20:30,U,2026-03-23
2025,2025-2026,Winter,ECE,COEN314/4-WI-X 1,COEN314,,WI-X,1,14,1.2 attibute: 0.15,LAB-Laboratory,M------,17:45,20:30,U,2026-03-23
2025,2025-2026,Winter,ECE,COEN314/4-WJ-X 1,COEN314,,WJ-X,1,14,1.2 attibute: 0.15,LAB-Laboratory,M------,17:45,20:30,U,2026-03-23
2025,2025-2026,Winter,ECE,COEN314/4-WK-X 1,COEN314,,WK-X,1,14,1.2 attibute: 0.15,LAB-Laboratory,----F--,17:45,20:30,U,2026-03-23
2025,2025-2026,Winter,ECE,COEN314/4-WL-X 1,COEN314,,WL-X,1,14,1.2 attibute: 0.15,LAB-Laboratory,----F--,17:45,20:30,U,2026-03-23
2025,2025-2026,Winter,ECE,COEN314/4-WM-X 1,COEN314,,WM-X,1,14,1.2 attibute: 0.15,LAB-Laboratory,---J---,17:45,20:30,U,2026-03-23
2025,2025-2026,Winter,ECE,COEN314/4-WN-X 1,COEN314,,WN-X,1,14,1.2 attibute: 0.15,LAB-Laboratory,---J---,17:45,20:30,U,2026-03-23
2025,2025-2026,Winter,ECE,COEN316/4-WA-X 1,COEN316,,WA-X,1,14,1.2 attibute: 0.15,LAB-Laboratory,-T-----,08:45,11:30,U,2026-03-23
2025,2025-2026,Winter,ECE,COEN316/4-WB-X 1,COEN316,,WB-X,1,14,1.2 attibute: 0.15,LAB-Laboratory,-T-----,08:45,11:30,U,2026-03-23
2025,2025-2026,Winter,ECE,COEN316/4-WC-X 1,COEN316,,WC-X,1,14,1.2 attibute: 0.15,LAB-Laboratory,--W----,11:45,14:30,U,2026-03-23
2025,2025-2026,Winter,ECE,COEN316/4-WD-X 1,COEN316,,WD-X,1,14,1.2 attibute: 0.15,LAB-Laboratory,--W----,11:45,14:30,U,2026-03-23
2025,2025-2026,Winter,ECE,COEN316/4-WE-X 1,COEN316,,WE-X,1,14,1.2 attibute: 0.15,LAB-Laboratory,-T-----,14:45,17:30,U,2026-03-23
2025,2025-2026,Winter,ECE,COEN316/4-WF-X 1,COEN316,,WF-X,1,14,1.2 attibute: 0.15,LAB-Laboratory,---J---,17:45,20:30,U,2026-03-23
2025,2025-2026,Winter,ECE,COEN317/4-UI-X 1,COEN317,,UI-X,1,14,1.2 attibute: 0.15,LAB-Laboratory,-T-----,14:45,17:30,U,2026-03-23
2025,2025-2026,Winter,ECE,COEN317/4-UJ-X 1,COEN317,,UJ-X,1,14,1.2 attibute: 0.15,LAB-Laboratory,-T-----,14:45,17:30,U,2026-03-23
2025,2025-2026,Winter,ECE,COEN317/4-UK-X 1,COEN317,,UK-X,1,14,1.2 attibute: 0.15,LAB-Laboratory,---J---,14:45,17:30,U,2026-03-23
2025,2025-2026,Winter,ECE,COEN317/4-UL-X 1,COEN317,,UL-X,1,14,1.2 attibute: 0.15,LAB-Laboratory,---J---,14:45,17:30,U,2026-03-23
2025,2025-2026,Winter,ECE,COEN317/4-UM-X 1,COEN317,,UM-X,1,14,1.2 attibute: 0.15,LAB-Laboratory,M------,17:45,20:30,U,2026-03-23
2025,2025-2026,Winter,ECE,COEN317/4-UN-X 1,COEN317,,UN-X,1,14,1.2 attibute: 0.15,LAB-Laboratory,M------,17:45,20:30,U,2026-03-23
2025,2025-2026,Winter,ECE,COEN320/4-PI-X 2,COEN320,,PI-X,2,16,1.2 attibute: 0.15,LAB-Laboratory,-T-----,14:45,17:30,U,2026-03-23
2025,2025-2026,Winter,ECE,COEN320/4-PJ-X 2,COEN320,,PJ-X,2,16,1.2 attibute: 0.15,LAB-Laboratory,-T-----,14:45,17:30,U,2026-03-23
2025,2025-2026,Winter,ECE,COEN320/4-PK-X 2,COEN320,,PK-X,2,16,1.2 attibute: 0.15,LAB-Laboratory,--W----,17:45,20:30,U,2026-03-23
2025,2025-2026,Winter,ECE,COEN320/4-PL-X 2,COEN320,,PL-X,2,16,1.2 attibute: 0.15,LAB-Laboratory,--W----,17:45,20:30,U,2026-03-23
2025,2025-2026,Winter,ECE,COEN320/4-PM-X 2,COEN320,,PM-X,2,16,1.2 attibute: 0.15,LAB-Laboratory,---J---,11:45,14:30,U,2026-03-23
2025,2025-2026,Winter,ECE,COEN320/4-PN-X 2,COEN320,,PN-X,2,16,1.2 attibute: 0.15,LAB-Laboratory,---J---,11:45,14:30,U,2026-03-23
2025,2025-2026,Winter,ECE,COEN346/4-YI-X 1,COEN346,,YI-X,1,14,1.2 attibute: 0.15,LAB-Laboratory,--W----,17:45,20:30,U,2026-03-23
2025,2025-2026,Winter,ECE,COEN346/4-YJ-X 1,COEN346,,YJ-X,1,14,1.2 attibute: 0.15,LAB-Laboratory,--W----,17:45,20:30,U,2026-03-23
2025,2025-2026,Winter,ECE,COEN346/4-YK-X 1,COEN346,,YK-X,1,14,1.2 attibute: 0.15,LAB-Laboratory,-T-----,17:45,20:30,U,2026-03-23
2025,2025-2026,Winter,ECE,COEN346/4-YL-X 1,COEN346,,YL-X,1,14,1.2 attibute: 0.15,LAB-Laboratory,-T-----,17:45,20:30,U,2026-03-23
2025,2025-2026,Winter,ECE,COEN346/4-YM-X 1,COEN346,,YM-X,1,14,1.2 attibute: 0.15,LAB-Laboratory,---J---,17:45,20:30,U,2026-03-23
2025,2025-2026,Winter,ECE,COEN346/4-YN-X 1,COEN346,,YN-X,1,14,1.2 attibute: 0.15,LAB-Laboratory,---J---,17:45,20:30,U,2026-03-23
2025,2025-2026,Winter,ECE,COEN366/4-WI-X 1,COEN366,,WI-X,1,14,1.2 attibute: 0.15,LAB-Laboratory,-T-----,17:45,20:30,U,2026-03-23
2025,2025-2026,Winter,ECE,COEN366/4-WJ-X 1,COEN366,,WJ-X,1,14,1.2 attibute: 0.15,LAB-Laboratory,-T-----,17:45,20:30,U,2026-03-23
2025,2025-2026,Winter,ECE,COEN366/4-WK-X 1,COEN366,,WK-X,1,14,1.2 attibute: 0.15,LAB-Laboratory,--W----,17:45,20:30,U,2026-03-23
2025,2025-2026,Winter,ECE,COEN366/4-WL-X 1,COEN366,,WL-X,1,14,1.2 attibute: 0.15,LAB-Laboratory,--W----,17:45,20:30,U,2026-03-23
2025,2025-2026,Winter,ECE,COEN366/4-WM-X 1,COEN366,,WM-X,1,14,1.2 attibute: 0.15,LAB-Laboratory,--W----,17:45,20:30,U,2026-03-23
2025,2025-2026,Winter,ECE,COEN366/4-WN-X 1,COEN366,,WN-X,1,16,1.2 attibute: 0.15,LAB-Laboratory,--W----,17:45,20:30,U,2026-03-23
2025,2025-2026,Winter,ECE,COEN421/4-U UI 1,COEN421,,U UI,1,12,1.2,LAB-Laboratory,M------,14:45,17:30,U,2026-03-23
2025,2025-2026,Winter,ECE,COEN421/4-U UJ 1,COEN421,,U UJ,1,12,1.2,LAB-Laboratory,-T-----,14:45,17:30,U,2026-03-23
2025,2025-2026,Winter,ECE,COEN421/4-U UK 1,COEN421,,U UK,1,0,1.2,LAB-Laboratory,----F--,14:45,17:30,U,2026-03-23
2025,2025-2026,Winter,ECE,COEN448/4-WI-X 1,COEN448,,WI-X,1,15,1.2,LAB-Laboratory,M------,11:45,14:30,U,2026-03-23
2025,2025-2026,Winter,ECE,COEN448/4-WJ-X 1,COEN448,,WJ-X,1,15,1.2,LAB-Laboratory,M------,11:45,14:30,U,2026-03-23
2025,2025-2026,Winter,ECE,ELEC273/4-DI-X 9,ELEC273,,DI-X,9,16,1.2 attibute: 0.15,LAB-Laboratory,--W----,17:45,20:30,U,2026-03-23
2025,2025-2026,Winter,ECE,ELEC273/4-DJ-X 9,ELEC273,,DJ-X,9,16,1.2 attibute: 0.15,LAB-Laboratory,--W----,17:45,20:30,U,2026-03-23
2025,2025-2026,Winter,ECE,ELEC273/4-DK-X 9,ELEC273,,DK-X,9,16,1.2 attibute: 0.15,LAB-Laboratory,-T-----,14:45,17:30,U,2026-03-23
2025,2025-2026,Winter,ECE,ELEC273/4-DL-X 9,ELEC273,,DL-X,9,16,1.2 attibute: 0.15,LAB-Laboratory,-T-----,14:45,17:30,U,2026-03-23
2025,2025-2026,Winter,ECE,ELEC273/4-DM-X 9,ELEC273,,DM-X,9,16,1.2 attibute: 0.15,LAB-Laboratory,-T-----,17:45,20:30,U,2026-03-23
2025,2025-2026,Winter,ECE,ELEC273/4-DN-X 9,ELEC273,,DN-X,9,16,1.2 attibute: 0.15,LAB-Laboratory,-T-----,17:45,20:30,U,2026-03-23
2025,2025-2026,Winter,ECE,ELEC273/4-DO-X 9,ELEC273,,DO-X,9,16,1.2 attibute: 0.15,LAB-Laboratory,---J---,11:45,14:30,U,2026-03-23
2025,2025-2026,Winter,ECE,ELEC273/4-DP-X 9,ELEC273,,DP-X,9,16,1.2 attibute: 0.15,LAB-Laboratory,---J---,11:45,14:30,U,2026-03-23
2025,2025-2026,Winter,ECE,ELEC273/4-WI-X 1,ELEC273,,WI-X,1,16,1.2 attibute: 0.15,LAB-Laboratory,--W----,08:45,11:30,U,2026-03-23
2025,2025-2026,Winter,ECE,ELEC273/4-WJ-X 1,ELEC273,,WJ-X,1,16,1.2 attibute: 0.15,LAB-Laboratory,--W----,08:45,11:30,U,2026-03-23
2025,2025-2026,Winter,ECE,ELEC273/4-WK-X 1,ELEC273,,WK-X,1,16,1.2 attibute: 0.15,LAB-Laboratory,----F--,08:45,11:30,U,2026-03-23
2025,2025-2026,Winter,ECE,ELEC273/4-WL-X 1,ELEC273,,WL-X,1,16,1.2 attibute: 0.15,LAB-Laboratory,----F--,08:45,11:30,U,2026-03-23
2025,2025-2026,Winter,ECE,ELEC273/4-WM-X 1,ELEC273,,WM-X,1,16,1.2 attibute: 0.15,LAB-Laboratory,----F--,11:45,14:30,U,2026-03-23
2025,2025-2026,Winter,ECE,ELEC273/4-WN-X 1,ELEC273,,WN-X,1,16,1.2 attibute: 0.15,LAB-Laboratory,----F--,11:45,14:30,U,2026-03-23
2025,2025-2026,Winter,ECE,ELEC275/4-JK-X 1,ELEC275,,JK-X,1,16,1.2 attibute: 0.15,LAB-Laboratory,--W----,11:45,14:30,U,2026-03-23
2025,2025-2026,Winter,ECE,ELEC275/4-JL-X 1,ELEC275,,JL-X,1,16,1.2 attibute: 0.15,LAB-Laboratory,--W----,11:45,14:30,U,2026-03-23
2025,2025-2026,Winter,ECE,ELEC275/4-JM-X 1,ELEC275,,JM-X,1,10,1.2 attibute: 0.15,LAB-Laboratory,M------,11:45,14:30,U,2026-03-23
2025,2025-2026,Winter,ECE,ELEC275/4-JN-X 1,ELEC275,,JN-X,1,16,1.2 attibute: 0.15,LAB-Laboratory,M------,11:45,14:30,U,2026-03-23
2025,2025-2026,Winter,ECE,ELEC275/4-JO-X 1,ELEC275,,JO-X,1,16,1.2 attibute: 0.15,LAB-Laboratory,----F--,14:45,17:30,U,2026-03-23
2025,2025-2026,Winter,ECE,ELEC275/4-JP-X 1,ELEC275,,JP-X,1,16,1.2 attibute: 0.15,LAB-Laboratory,----F--,14:45,17:30,U,2026-03-23
2025,2025-2026,Winter,ECE,ELEC275/4-SI-X 2,ELEC275,,SI-X,2,16,1.2 attibute: 0.15,LAB-Laboratory,M------,14:45,17:30,U,2026-03-23
2025,2025-2026,Winter,ECE,ELEC275/4-SJ-X 2,ELEC275,,SJ-X,2,16,1.2 attibute: 0.15,LAB-Laboratory,M------,14:45,17:30,U,2026-03-23
2025,2025-2026,Winter,ECE,ELEC275/4-SK-X 2,ELEC275,,SK-X,2,16,1.2 attibute: 0.15,LAB-Laboratory,--W----,14:45,17:30,U,2026-03-23
2025,2025-2026,Winter,ECE,ELEC275/4-SL-X 2,ELEC275,,SL-X,2,16,1.2 attibute: 0.15,LAB-Laboratory,--W----,14:45,17:30,U,2026-03-23
2025,2025-2026,Winter,ECE,ELEC311/4-HI-X 1,ELEC311,,HI-X,1,16,1.2 attibute: 0.15,LAB-Laboratory,----F--,17:45,20:30,U,2026-03-23
2025,2025-2026,Winter,ECE,ELEC311/4-HJ-X 1,ELEC311,,HJ-X,1,16,1.2 attibute: 0.15,LAB-Laboratory,----F--,17:45,20:30,U,2026-03-23
2025,2025-2026,Winter,ECE,ELEC311/4-HK-X 1,ELEC311,,HK-X,1,16,1.2 attibute: 0.15,LAB-Laboratory,M------,17:45,20:30,U,2026-03-23
2025,2025-2026,Winter,ECE,ELEC311/4-HL-X 1,ELEC311,,HL-X,1,16,1.2 attibute: 0.15,LAB-Laboratory,M------,17:45,20:30,U,2026-03-23
2025,2025-2026,Winter,ECE,ELEC311/4-HM-X 1,ELEC311,,HM-X,1,16,1.2 attibute: 0.15,LAB-Laboratory,---J---,17:45,20:30,U,2026-03-23
2025,2025-2026,Winter,ECE,ELEC312/4-WI-X 1,ELEC312,,WI-X,1,16,1.2 attibute: 0.15,LAB-Laboratory,-T-----,17:45,20:30,U,2026-03-23
2025,2025-2026,Winter,ECE,ELEC312/4-WJ-X 1,ELEC312,,WJ-X,1,16,1.2 attibute: 0.15,LAB-Laboratory,-T-----,17:45,20:30,U,2026-03-23
2025,2025-2026,Winter,ECE,ELEC312/4-WK-X 1,ELEC312,,WK-X,1,16,1.2 attibute: 0.15,LAB-Laboratory,--W----,17:45,20:30,U,2026-03-23
2025,2025-2026,Winter,ECE,ELEC312/4-WL-X 1,ELEC312,,WL-X,1,16,1.2 attibute: 0.15,LAB-Laboratory,--W----,17:45,20:30,U,2026-03-23
2025,2025-2026,Winter,ECE,ELEC321/4-ECIX 1,ELEC321,,ECIX,1,14,1.2 attibute: 0.15,LAB-Laboratory,--W----,17:45,20:30,U,2026-03-23
2025,2025-2026,Winter,ECE,ELEC321/4-ECJX 1,ELEC321,,ECJX,1,14,1.2 attibute: 0.15,LAB-Laboratory,--W----,17:45,20:30,U,2026-03-23
2025,2025-2026,Winter,ECE,ELEC321/4-ECKX 1,ELEC321,,ECKX,1,14,1.2 attibute: 0.15,LAB-Laboratory,-T-----,14:45,17:30,U,2026-03-23
2025,2025-2026,Winter,ECE,ELEC321/4-ECLX 1,ELEC321,,ECLX,1,14,1.2 attibute: 0.15,LAB-Laboratory,-T-----,14:45,17:30,U,2026-03-23
2025,2025-2026,Winter,ECE,ELEC321/4-ECMX 1,ELEC321,,ECMX,1,14,1.2 attibute: 0.15,LAB-Laboratory,----F--,14:45,17:30,U,2026-03-23
2025,2025-2026,Winter,ECE,ELEC321/4-ECNX 1,ELEC321,,ECNX,1,14,1.2 attibute: 0.15,LAB-Laboratory,----F--,14:45,17:30,U,2026-03-23
2025,2025-2026,Winter,ECE,ELEC331/4-WI-X 1,ELEC331,,WI-X,1,10,1.2 attibute: 0.15,LAB-Laboratory,-T-----,14:45,17:30,U,2026-03-23
2025,2025-2026,Winter,ECE,ELEC331/4-WJ-X 1,ELEC331,,WJ-X,1,10,1.2 attibute: 0.15,LAB-Laboratory,-T-----,14:45,17:30,U,2026-03-23
2025,2025-2026,Winter,ECE,ELEC331/4-WK-X 1,ELEC331,,WK-X,1,10,1.2 attibute: 0.15,LAB-Laboratory,--W----,10:15,13:00,U,2026-03-23
2025,2025-2026,Winter,ECE,ELEC331/4-WL-X 1,ELEC331,,WL-X,1,10,1.2 attibute: 0.15,LAB-Laboratory,--W----,10:15,13:00,U,2026-03-23
2025,2025-2026,Winter,ECE,ELEC331/4-WM-X 1,ELEC331,,WM-X,1,10,1.2 attibute: 0.15,LAB-Laboratory,--W----,14:45,17:30,U,2026-03-23
2025,2025-2026,Winter,ECE,ELEC331/4-WN-X 1,ELEC331,,WN-X,1,10,1.2 attibute: 0.15,LAB-Laboratory,--W----,14:45,17:30,U,2026-03-23
2025,2025-2026,Winter,ECE,ELEC342/4-MI-X 1,ELEC342,,MI-X,1,16,1.2 attibute: 0.15,LAB-Laboratory,M------,08:45,11:30,U,2026-03-23
2025,2025-2026,Winter,ECE,ELEC342/4-MJ-X 1,ELEC342,,MJ-X,1,16,1.2 attibute: 0.15,LAB-Laboratory,M------,08:45,11:30,U,2026-03-23
2025,2025-2026,Winter,ECE,ELEC342/4-MK-X 1,ELEC342,,MK-X,1,16,1.2 attibute: 0.15,LAB-Laboratory,M------,14:45,17:30,U,2026-03-23
2025,2025-2026,Winter,ECE,ELEC342/4-ML-X 1,ELEC342,,ML-X,1,16,1.2 attibute: 0.15,LAB-Laboratory,M------,14:45,17:30,U,2026-03-23
2025,2025-2026,Winter,ECE,ELEC342/4-MM-X 1,ELEC342,,MM-X,1,16,1.2 attibute: 0.15,LAB-Laboratory,--W----,14:45,17:30,U,2026-03-23
2025,2025-2026,Winter,ECE,ELEC342/4-MN-X 1,ELEC342,,MN-X,1,16,1.2 attibute: 0.15,LAB-Laboratory,--W----,14:45,17:30,U,2026-03-23
2025,2025-2026,Winter,ECE,ELEC351/4-WI-X 4,ELEC351,,WI-X,4,8,1.2 attibute: 0.15,LAB-Laboratory,---J---,17:45,20:30,U,2026-03-23
2025,2025-2026,Winter,ECE,ELEC351/4-WJ-X 4,ELEC351,,WJ-X,4,8,1.2 attibute: 0.15,LAB-Laboratory,---J---,17:45,20:30,U,2026-03-23
2025,2025-2026,Winter,ECE,ELEC351/4-WK-X 4,ELEC351,,WK-X,4,8,1.2 attibute: 0.15,LAB-Laboratory,-T-----,17:45,20:30,U,2026-03-23
2025,2025-2026,Winter,ECE,ELEC351/4-WL-X 4,ELEC351,,WL-X,4,8,1.2 attibute: 0.15,LAB-Laboratory,-T-----,17:45,20:30,U,2026-03-23
2025,2025-2026,Winter,ECE,ELEC351/4-WM-X 4,ELEC351,,WM-X,4,8,1.2 attibute: 0.15,LAB-Laboratory,M------,17:45,20:30,U,2026-03-23
2025,2025-2026,Winter,ECE,ELEC351/4-WN-X 4,ELEC351,,WN-X,4,8,1.2 attibute: 0.15,LAB-Laboratory,M------,17:45,20:30,U,2026-03-23
2025,2025-2026,Winter,ECE,ELEC366/4-MI-X 1,ELEC366,,MI-X,1,14,1.2 attibute: 0.15,LAB-Laboratory,M------,14:45,17:30,U,2026-03-23
2025,2025-2026,Winter,ECE,ELEC366/4-MJ-X 1,ELEC366,,MJ-X,1,14,1.2 attibute: 0.15,LAB-Laboratory,M------,14:45,17:30,U,2026-03-23
2025,2025-2026,Winter,ECE,ELEC366/4-MK-X 1,ELEC366,,MK-X,1,14,1.2 attibute: 0.15,LAB-Laboratory,-T-----,17:45,20:30,U,2026-03-23
2025,2025-2026,Winter,ECE,ELEC366/4-ML-X 1,ELEC366,,ML-X,1,14,1.2 attibute: 0.15,LAB-Laboratory,-T-----,17:45,20:30,U,2026-03-23
2025,2025-2026,Winter,ECE,ELEC367/4-WI-X 1,ELEC367,,WI-X,1,10,1.2 attibute: 0.15,LAB-Laboratory,M------,14:45,17:30,U,2026-03-23
2025,2025-2026,Winter,ECE,ELEC367/4-WJ-X 1,ELEC367,,WJ-X,1,10,1.2 attibute: 0.15,LAB-Laboratory,M------,14:45,17:30,U,2026-03-23
2025,2025-2026,Winter,ECE,ELEC367/4-WK-X 1,ELEC367,,WK-X,1,10,1.2 attibute: 0.15,LAB-Laboratory,-T-----,14:45,17:30,U,2026-03-23
2025,2025-2026,Winter,ECE,ELEC367/4-WL-X 1,ELEC367,,WL-X,1,10,1.2 attibute: 0.15,LAB-Laboratory,-T-----,14:45,17:30,U,2026-03-23
2025,2025-2026,Winter,ECE,ELEC367/4-WM-X 1,ELEC367,,WM-X,1,10,1.2 attibute: 0.15,LAB-Laboratory,----F--,14:45,17:30,U,2026-03-23
2025,2025-2026,Winter,ECE,ELEC372/4-UI-X 1,ELEC372,,UI-X,1,14,1.2 attibute: 0.15,LAB-Laboratory,-T-----,08:45,11:30,U,2026-03-23
2025,2025-2026,Winter,ECE,ELEC372/4-UJ-X 1,ELEC372,,UJ-X,1,14,1.2 attibute: 0.15,LAB-Laboratory,-T-----,08:45,11:30,U,2026-03-23
2025,2025-2026,Winter,ECE,ELEC372/4-UK-X 1,ELEC372,,UK-X,1,14,1.2 attibute: 0.15,LAB-Laboratory,M------,14:45,17:30,U,2026-03-23
2025,2025-2026,Winter,ECE,ELEC372/4-UL-X 1,ELEC372,,UL-X,1,14,1.2 attibute: 0.15,LAB-Laboratory,M------,14:45,17:30,U,2026-03-23
2025,2025-2026,Winter,ECE,ELEC372/4-UM-X 1,ELEC372,,UM-X,1,14,1.2 attibute: 0.15,LAB-Laboratory,--W----,14:45,17:30,U,2026-03-23
2025,2025-2026,Winter,ECE,ELEC372/4-UN-X 1,ELEC372,,UN-X,1,14,1.2 attibute: 0.15,LAB-Laboratory,--W----,14:45,17:30,U,2026-03-23
2025,2025-2026,Winter,ECE,ELEC422/4-TI-X 1,ELEC422,,TI-X,1,5,1.2,LAB-Laboratory,---J---,08:45,11:30,U,2026-03-23
2025,2025-2026,Winter,ECE,ELEC422/4-TJ-X 1,ELEC422,,TJ-X,1,5,1.2,LAB-Laboratory,---J---,08:45,11:30,U,2026-03-23
2025,2025-2026,Winter,ECE,ELEC422/4-TK-X 1,ELEC422,,TK-X,1,5,1.2,LAB-Laboratory,----F--,14:45,17:30,U,2026-03-23
2025,2025-2026,Winter,ECE,ELEC422/4-TL-X 1,ELEC422,,TL-X,1,5,1.2,LAB-Laboratory,----F--,14:45,17:30,U,2026-03-23
2025,2025-2026,Winter,ECE,ELEC422/4-TM-X 1,ELEC422,,TM-X,1,5,1.2,LAB-Laboratory,M------,11:45,14:30,U,2026-03-23
2025,2025-2026,Winter,ECE,ELEC422/4-TN-X 1,ELEC422,,TN-X,1,5,1.2,LAB-Laboratory,M------,11:45,14:30,U,2026-03-23
2025,2025-2026,Winter,ECE,ELEC430/4-QPQA 1,ELEC430,,QPQA,1,10,1.2,LAB-Laboratory,--W----,13:45,16:45,U,2026-03-23
2025,2025-2026,Winter,ECE,ELEC434/4-QPQA 1,ELEC434,,QPQA,1,10,1.2,LAB-Laboratory,-T-----,12:45,15:35,U,2026-03-23
2025,2025-2026,Winter,ECE,ELEC436/4-QPQA 1,ELEC436,,QPQA,1,10,1.2,LAB-Laboratory,---J---,13:45,16:45,U,2026-03-23
2025,2025-2026,Winter,ECE,ELEC438/4-QPQA 1,ELEC438,,QPQA,1,10,1.2,LAB-Laboratory,-T-----,12:45,15:35,U,2026-03-23
2025,2025-2026,Winter,ECE,ELEC443/4-QP-X 1,ELEC443,,QP-X,1,30,1.2,LAB-Laboratory,-------,00:00,00:00,U,2026-03-23
2025,2025-2026,Winter,ECE,ELEC446/4-QPQA 1,ELEC446,,QPQA,1,10,1.2,LAB-Laboratory,M------,13:45,16:35,U,2026-03-23
2025,2025-2026,Winter,ECE,ELEC453/4-WI-X 1,ELEC453,,WI-X,1,8,1.2,LAB-Laboratory,-T-----,11:45,14:30,U,2026-03-23
2025,2025-2026,Winter,ECE,ELEC453/4-WJ-X 1,ELEC453,,WJ-X,1,8,1.2,LAB-Laboratory,--W----,08:45,11:30,U,2026-03-23
2025,2025-2026,Winter,ECE,ELEC465/4-WI-X 1,ELEC465,,WI-X,1,14,1.2,LAB-Laboratory,---J---,17:45,20:30,U,2026-03-23
2025,2025-2026,Winter,ECE,ELEC465/4-WJ-X 1,ELEC465,,WJ-X,1,14,1.2,LAB-Laboratory,---J---,14:45,17:30,U,2026-03-23
2025,2025-2026,Winter,ECE,ELEC466/4-WI-X 1,ELEC466,,WI-X,1,8,1.2,LAB-Laboratory,,00:00,00:00,U,2026-03-23
2025,2025-2026,Winter,ECE,ELEC466/4-WJ-X 1,ELEC466,,WJ-X,1,8,1.2,LAB-Laboratory,,00:00,00:00,U,2026-03-23
2025,2025-2026,Winter,ECE,ELEC483/4-UUUI 1,ELEC483,,UUUI,1,8,1.2 attibute: 0.15,LAB-Laboratory,-T-----,14:45,17:30,U,2026-03-23
2025,2025-2026,Winter,ECE,ELEC483/4-UUUJ 1,ELEC483,,UUUJ,1,8,1.2 attibute: 0.15,LAB-Laboratory,-T-----,14:45,17:30,U,2026-03-23
2025,2025-2026,Winter,ECE,ELEC483/4-UUUK 1,ELEC483,,UUUK,1,8,1.2 attibute: 0.15,LAB-Laboratory,---J---,14:45,17:30,U,2026-03-23
2025,2025-2026,Winter,ECE,ELEC6391/4-WI-X 1,ELEC6391,,WI-X,1,8,1.2,LAB-Laboratory,--W----,08:45,11:30,G,2026-03-23
2025,2025-2026,Winter,ECE,ELEC6391/4-WJ-X 1,ELEC6391,,WJ-X,1,8,1.2,LAB-Laboratory,-T-----,11:45,14:30,G,2026-03-23
2025,2025-2026,Winter,ECE,AERO483/ENGR6471/4-X 1,AERO483,X,,1,40,1.2 attibute: 0.15,LEC-Lecture,----F--,14:45,17:30,U,2026-03-23
2025,2025-2026,Winter,ECE,AERO483/ENGR6471/4-X 1,ENGR6471,X,,1,20,,LEC-Lecture,----F--,14:45,17:30,G,2026-03-23
2025,2025-2026,Winter,ECE,COEN212/4-W 2,COEN212,W,,2,128,1.2 attibute: 0.15,LEC-Lecture,-T-J---,08:45,10:00,U,2026-03-23
2025,2025-2026,Winter,ECE,COEN231/4-W 2,COEN231,W,,2,120,1.2 attibute: 0.15,LEC-Lecture,-T-J---,14:45,16:00,U,2026-03-23
2025,2025-2026,Winter,ECE,COEN243/4-J 1,COEN243,J,,1,128,1.2 attibute: 0.15,LEC-Lecture,-T-J---,16:15,17:30,U,2026-03-23
2025,2025-2026,Winter,ECE,COEN244/4-D 2,COEN244,D,,2,128,1.2 attibute: 0.15,LEC-Lecture,-T-J---,14:45,16:00,U,2026-03-23
2025,2025-2026,Winter,ECE,COEN244/4-S 1,COEN244,S,,1,128,1.2 attibute: 0.15,LEC-Lecture,M-W----,13:15,14:30,U,2026-03-23
2025,2025-2026,Winter,ECE,COEN311/4-W 1,COEN311,W,,1,112,1.2 attibute: 0.15,LEC-Lecture,--W-F--,14:45,16:00,U,2026-03-23
2025,2025-2026,Winter,ECE,COEN311/4-Y 2,COEN311,Y,,2,112,1.2 attibute: 0.15,LEC-Lecture,-T-J---,11:45,13:00,U,2026-03-23
2025,2025-2026,Winter,ECE,COEN313/4-U 2,COEN313,U,,2,126,1.2 attibute: 0.15,LEC-Lecture,-T-J---,08:45,10:00,U,2026-03-23
2025,2025-2026,Winter,ECE,COEN314/4-W 1,COEN314,W,,1,112,1.2 attibute: 0.15,LEC-Lecture,M-W----,11:45,13:00,U,2026-03-23
2025,2025-2026,Winter,ECE,COEN316/4-W 1,COEN316,W,,1,98,1.2 attibute: 0.15,LEC-Lecture,-T-J---,11:45,13:00,U,2026-03-23
2025,2025-2026,Winter,ECE,COEN317/4-U 1,COEN317,U,,1,98,1.2 attibute: 0.15,LEC-Lecture,--W-F--,14:45,16:00,U,2026-03-23
2025,2025-2026,Winter,ECE,COEN320/4-P 2,COEN320,P,,2,96,1.2 attibute: 0.15,LEC-Lecture,M-W----,10:15,11:30,U,2026-03-23
2025,2025-2026,Winter,ECE,COEN346/4-Y 1,COEN346,Y,,1,98,1.2 attibute: 0.15,LEC-Lecture,M-W----,10:15,11:30,U,2026-03-23
2025,2025-2026,Winter,ECE,COEN352/4-V 1,COEN352,V,,1,112,1.2 attibute: 0.15,LEC-Lecture,--W-F--,16:15,17:30,U,2026-03-23
2025,2025-2026,Winter,ECE,COEN366/4-W 1,COEN366,W,,1,96,1.2 attibute: 0.15,LEC-Lecture,-T-J---,16:15,17:30,U,2026-03-23
2025,2025-2026,Winter,ECE,COEN421/6341/4-U 1,COEN421,U,,1,24,1.2,LEC-Lecture,-T-----,14:45,17:30,U,2026-03-23
2025,2025-2026,Winter,ECE,COEN421/6341/4-U 1,COEN6341,U,,1,24,,LEC-Lecture,-T-----,14:45,17:30,G,2026-03-23
2025,2025-2026,Winter,ECE,COEN422/6561/4-W 1,COEN422,W,,1,30,1.2,LEC-Lecture,-T-----,14:45,17:30,U,2026-03-23
2025,2025-2026,Winter,ECE,COEN422/6561/4-W 1,COEN6561,W,,1,30,,LEC-Lecture,-T-----,14:45,17:30,G,2026-03-23
2025,2025-2026,Winter,ECE,COEN433/BIOL475/BIOL525/BIOL631/COEN6211/4-U 1,COEN433,U,,1,25,1.2,LEC-Lecture,-T-----,14:45,17:30,U,2026-03-23
2025,2025-2026,Winter,ECE,COEN433/BIOL475/BIOL525/BIOL631/COEN6211/4-U 1,COEN6211,U,,1,25,1.2,LEC-Lecture,-T-----,14:45,17:30,G,2026-03-23
2025,2025-2026,Winter,ECE,COEN448/6761/4-W 1,COEN448,W,,1,30,1.2,LEC-Lecture,---J---,14:45,17:30,U,2026-03-23
2025,2025-2026,Winter,ECE,COEN448/6761/4-W 1,COEN6761,W,,1,30,,LEC-Lecture,---J---,14:45,17:30,G,2026-03-23
2025,2025-2026,Winter,ECE,COEN6311/4-M 1,COEN6311,M,,1,60,1.2,LEC-Lecture,----F--,14:45,17:30,G,2026-03-23
2025,2025-2026,Winter,ECE,COEN6312/4-V 1,COEN6312,V,,1,30,1.2,LEC-Lecture,--W----,17:45,20:15,G,2026-03-23
2025,2025-2026,Winter,ECE,COEN6331/4-WW 1,COEN6331,WW,,1,50,1.2,LEC-Lecture,--W----,14:45,17:30,G,2026-03-23
2025,2025-2026,Winter,ECE,COEN6731/4-F 1,COEN6731,F,,1,50,1.2,LEC-Lecture,--W----,17:45,20:15,G,2026-03-23
2025,2025-2026,Winter,ECE,COEN691/4-O 2,COEN691,O,,2,30,1.2,LEC-Lecture,---J---,14:45,17:30,G,2026-03-23
2025,2025-2026,Winter,ECE,COEN691/4-P 3,COEN691,P,,3,30,1.2,LEC-Lecture,-T-----,14:45,17:30,G,2026-03-23
2025,2025-2026,Winter,ECE,ELEC242/4-U 1,ELEC242,U,,1,136,1.2 attibute: 0.15,LEC-Lecture,-T-J---,13:15,14:30,U,2026-03-23
2025,2025-2026,Winter,ECE,ELEC251/4-W 1,ELEC251,W,,1,70,1.2 attibute: 0.15,LEC-Lecture,-T-J---,10:15,11:30,U,2026-03-23
2025,2025-2026,Winter,ECE,ELEC273/4-D 9,ELEC273,D,,9,128,1.2 attibute: 0.15,LEC-Lecture,M-W----,08:45,10:00,U,2026-03-23
2025,2025-2026,Winter,ECE,ELEC273/4-W 1,ELEC273,W,,1,128,1.2 attibute: 0.15,LEC-Lecture,-T-J---,10:15,11:30,U,2026-03-23
2025,2025-2026,Winter,ECE,ELEC275/4-JJ 1,ELEC275,JJ,,1,90,1.2 attibute: 0.15,LEC-Lecture,--W-F--,16:15,17:30,U,2026-03-23
2025,2025-2026,Winter,ECE,ELEC275/4-SS 2,ELEC275,SS,,2,96,1.2 attibute: 0.15,LEC-Lecture,-T-J---,10:15,11:30,U,2026-03-23
2025,2025-2026,Winter,ECE,ELEC311/4-H 1,ELEC311,H,,1,80,1.2 attibute: 0.15,LEC-Lecture,M-W----,11:45,13:00,U,2026-03-23
2025,2025-2026,Winter,ECE,ELEC312/4-W 1,ELEC312,W,,1,80,1.2 attibute: 0.15,LEC-Lecture,M-W----,11:45,13:00,U,2026-03-23
2025,2025-2026,Winter,ECE,ELEC321/4-EC 1,ELEC321,EC,,1,84,1.2 attibute: 0.15,LEC-Lecture,-------,00:00,00:00,U,2026-03-23
2025,2025-2026,Winter,ECE,ELEC331/4-W 1,ELEC331,W,,1,60,1.2 attibute: 0.15,LEC-Lecture,-T-J---,10:15,11:30,U,2026-03-23
2025,2025-2026,Winter,ECE,ELEC342/4-M 1,ELEC342,M,,1,96,1.2 attibute: 0.15,LEC-Lecture,--W-F--,13:15,14:30,U,2026-03-23
2025,2025-2026,Winter,ECE,ELEC351/4-W 4,ELEC351,W,,4,48,1.2 attibute: 0.15,LEC-Lecture,M-W----,10:15,11:30,U,2026-03-23
2025,2025-2026,Winter,ECE,ELEC366/4-M 1,ELEC366,M,,1,56,1.2 attibute: 0.15,LEC-Lecture,-T-J---,16:15,17:30,U,2026-03-23
2025,2025-2026,Winter,ECE,ELEC367/4-W 1,ELEC367,W,,1,50,1.2 attibute: 0.15,LEC-Lecture,--W-F--,13:15,14:30,U,2026-03-23
2025,2025-2026,Winter,ECE,ELEC372/4-U 1,ELEC372,U,,1,84,1.2 attibute: 0.15,LEC-Lecture,-T-J---,13:15,14:30,U,2026-03-23
2025,2025-2026,Winter,ECE,ELEC390/COEN390/4-EC 1,COEN390,EC,,1,67,1.2 attibute: 0.15,LEC-Lecture,--W-F--,16:15,17:30,U,2026-03-23
2025,2025-2026,Winter,ECE,ELEC390/COEN390/4-EC 1,ELEC390,EC,,1,33,1.2 attibute: 0.15,LEC-Lecture,--W-F--,16:15,17:30,U,2026-03-23
2025,2025-2026,Winter,ECE,ELEC422/6231/4-T 1,ELEC422,T,,1,30,1.2,LEC-Lecture,----F--,14:45,17:30,U,2026-03-23
2025,2025-2026,Winter,ECE,ELEC422/6231/4-T 1,ELEC6231,TT,,1,30,,LEC-Lecture,----F--,14:45,17:30,G,2026-03-23
2025,2025-2026,Winter,ECE,ELEC430/4-QP 1,ELEC430,QP,,1,10,1.2,LEC-Lecture,--W----,09:30,12:20,U,2026-03-23
2025,2025-2026,Winter,ECE,ELEC434/4-QP 1,ELEC434,QP,,1,10,1.2,LEC-Lecture,-T-----,08:30,11:20,U,2026-03-23
2025,2025-2026,Winter,ECE,ELEC436/4-QP 1,ELEC436,QP,,1,10,1.2,LEC-Lecture,---J---,09:30,12:20,U,2026-03-23
2025,2025-2026,Winter,ECE,ELEC438/4-QP 1,ELEC438,QP,,1,10,1.2,LEC-Lecture,-T-----,08:30,11:20,U,2026-03-23
2025,2025-2026,Winter,ECE,ELEC439/6471/4-W 1,ELEC439,W,,1,20,1.2,LEC-Lecture,--W----,14:45,17:30,U,2026-03-23
2025,2025-2026,Winter,ECE,ELEC439/6471/4-W 1,ELEC6471,W,,1,40,1.2,LEC-Lecture,--W----,14:45,17:30,G,2026-03-23
2025,2025-2026,Winter,ECE,ELEC442/6651/4-W 1,ELEC442,W,,1,30,1.2,LEC-Lecture,--W----,14:45,17:30,U,2026-03-23
2025,2025-2026,Winter,ECE,ELEC442/6651/4-W 1,ELEC6651,W,,1,30,1.2,LEC-Lecture,--W----,14:45,17:30,G,2026-03-23
2025,2025-2026,Winter,ECE,ELEC443/4-QP 1,ELEC443,QP,,1,30,1.2,LEC-Lecture,M------,09:30,12:20,U,2026-03-23
2025,2025-2026,Winter,ECE,ELEC445/6671/4-WW 1,ELEC445,WW,,1,10,1.2,LEC-Lecture,----F--,14:45,17:30,U,2026-03-23
2025,2025-2026,Winter,ECE,ELEC445/6671/4-WW 1,ELEC6671,WW,,1,50,,LEC-Lecture,----F--,14:45,17:30,G,2026-03-23
2025,2025-2026,Winter,ECE,ELEC446/4-QP 1,ELEC446,QP,,1,10,1.2,LEC-Lecture,M------,09:30,12:20,U,2026-03-23
2025,2025-2026,Winter,ECE,ELEC453/6391/4-W 1,ELEC453,W,,1,16,1.2,LEC-Lecture,---J---,14:45,17:30,U,2026-03-23
2025,2025-2026,Winter,ECE,ELEC453/6391/4-W 1,ELEC6391,W,,1,24,1.2,LEC-Lecture,---J---,14:45,17:30,G,2026-03-23
2025,2025-2026,Winter,ECE,ELEC465/6821/4-W 1,ELEC465,W,,1,28,1.2,LEC-Lecture,-T-----,14:45,17:30,U,2026-03-23
2025,2025-2026,Winter,ECE,ELEC465/6821/4-W 1,ELEC6821,W,,1,32,,LEC-Lecture,-T-----,14:45,17:30,G,2026-03-23
2025,2025-2026,Winter,ECE,ELEC483/6061/4-UU 1,ELEC483,UU,,1,24,1.2 attibute: 0.15,LEC-Lecture,--W----,14:45,17:30,U,2026-03-23
2025,2025-2026,Winter,ECE,ELEC483/6061/4-UU 1,ELEC6061,UU,,1,36,,LEC-Lecture,--W----,14:45,17:30,G,2026-03-23
2025,2025-2026,Winter,ECE,ELEC498/691/4-FF 3,ELEC498,FF,,3,20,1.2,LEC-Lecture,-T-J---,10:15,11:30,U,2026-03-23
2025,2025-2026,Winter,ECE,ELEC498/691/4-FF 3,ELEC691,FF,,3,20,1.2,LEC-Lecture,-T-J---,10:15,11:30,G,2026-03-23
2025,2025-2026,Winter,ECE,ELEC6291/4-WW 1,ELEC6291,WW,,1,30,1.2,LEC-Lecture,--W----,14:45,17:30,G,2026-03-23
2025,2025-2026,Winter,ECE,ELEC6831/4-WW 1,ELEC6831,WW,,1,50,1.2,LEC-Lecture,--W----,14:45,17:30,G,2026-03-23
2025,2025-2026,Winter,ECE,ELEC6851/4-WW 1,ELEC6851,WW,,1,60,1.2,LEC-Lecture,---J---,17:45,20:15,G,2026-03-23
2025,2025-2026,Winter,ECE,ENCS6921/4-ECE 1,ENCS6921,ECE,,1,30,1.2,LEC-Lecture,-------,00:00,00:00,G,2026-03-23
2025,2025-2026,Winter,ECE,ENGR233/4-R 2,ENGR233,R,,2,150,1.2 attibute: 0.15,LEC-Lecture,-T-J---,11:45,13:00,U,2026-03-23
2025,2025-2026,Winter,ECE,ENGR233/4-U 5,ENGR233,U,,5,150,1.2 attibute: 0.15,LEC-Lecture,-T-J---,08:45,10:00,U,2026-03-23
2025,2025-2026,Winter,ECE,ENGR290/4-N 44,ENGR290,N,,44,60,1.2 attibute: 0.15,LEC-Lecture,-T-J---,11:45,13:00,U,2026-03-23
2025,2025-2026,Winter,ECE,ENGR290/4-U 1,ENGR290,U,,1,60,1.2 attibute: 0.15,LEC-Lecture,-T-J---,14:45,16:00,U,2026-03-23
2025,2025-2026,Winter,ECE,ENGR371/4-UU 2,ENGR371,UU,,2,140,1.2 attibute: 0.15,LEC-Lecture,----F--,17:45,20:15,U,2026-03-23
2025,2025-2026,Winter,ECE,ENGR371/4-W 3,ENGR371,W,,3,140,1.2 attibute: 0.15,LEC-Lecture,M-W----,10:15,11:30,U,2026-03-23
2025,2025-2026,Winter,ECE,ENGR411/4-ECE 3,ENGR411,ECE,,3,50,1.2,LEC-Lecture,-------,00:00,00:00,U,2026-03-23
2025,2025-2026,Winter,ECE,ENCS8011/4-ECE 4,ENCS8011,ECE,,4,30,1.2,SEM-Seminar,-T-----,10:15,12:45,G,2026-03-23
2025,2025-2026,Winter,ECE,COEN212/4-W WA 2,COEN212,,W WA,2,32,1.2 attibute: 0.15,TUT-Tutorial,--W----,11:45,13:25,U,2026-03-23
2025,2025-2026,Winter,ECE,COEN212/4-W WB 2,COEN212,,W WB,2,32,1.2 attibute: 0.15,TUT-Tutorial,----F--,11:45,13:25,U,2026-03-23
2025,2025-2026,Winter,ECE,COEN212/4-W WC 2,COEN212,,W WC,2,32,1.2 attibute: 0.15,TUT-Tutorial,----F--,13:15,14:55,U,2026-03-23
2025,2025-2026,Winter,ECE,COEN212/4-W WD 2,COEN212,,W WD,2,32,1.2 attibute: 0.15,TUT-Tutorial,--W----,11:45,13:25,U,2026-03-23
2025,2025-2026,Winter,ECE,COEN231/4-W WA 2,COEN231,,W WA,2,40,1.2 attibute: 0.15,TUT-Tutorial,----F--,10:15,11:05,U,2026-03-23
2025,2025-2026,Winter,ECE,COEN231/4-W WB 2,COEN231,,W WB,2,40,1.2 attibute: 0.15,TUT-Tutorial,----F--,11:45,12:35,U,2026-03-23
2025,2025-2026,Winter,ECE,COEN231/4-W WC 2,COEN231,,W WC,2,40,1.2 attibute: 0.15,TUT-Tutorial,----F--,10:15,11:05,U,2026-03-23
2025,2025-2026,Winter,ECE,COEN243/4-J JA 1,COEN243,,J JA,1,26,1.2 attibute: 0.15,TUT-Tutorial,----F--,10:15,11:55,U,2026-03-23
2025,2025-2026,Winter,ECE,COEN243/4-J JB 1,COEN243,,J JB,1,26,1.2 attibute: 0.15,TUT-Tutorial,--W----,10:15,11:55,U,2026-03-23
2025,2025-2026,Winter,ECE,COEN243/4-J JC 1,COEN243,,J JC,1,26,1.2 attibute: 0.15,TUT-Tutorial,----F--,10:15,11:55,U,2026-03-23
2025,2025-2026,Winter,ECE,COEN243/4-J JD 1,COEN243,,J JD,1,26,1.2 attibute: 0.15,TUT-Tutorial,----F--,10:15,11:55,U,2026-03-23
2025,2025-2026,Winter,ECE,COEN243/4-J JE 1,COEN243,,J JE,1,26,1.2 attibute: 0.15,TUT-Tutorial,--W----,10:15,11:55,U,2026-03-23
2025,2025-2026,Winter,ECE,COEN244/4-D DA 2,COEN244,,D DA,2,26,1.2 attibute: 0.15,TUT-Tutorial,---J---,16:15,17:55,U,2026-03-23
2025,2025-2026,Winter,ECE,COEN244/4-D DB 2,COEN244,,D DB,2,26,1.2 attibute: 0.15,TUT-Tutorial,---J---,16:15,17:55,U,2026-03-23
2025,2025-2026,Winter,ECE,COEN244/4-D DC 2,COEN244,,D DC,2,26,1.2 attibute: 0.15,TUT-Tutorial,----F--,16:15,17:55,U,2026-03-23
2025,2025-2026,Winter,ECE,COEN244/4-D DD 2,COEN244,,D DD,2,26,1.2 attibute: 0.15,TUT-Tutorial,----F--,16:15,17:55,U,2026-03-23
2025,2025-2026,Winter,ECE,COEN244/4-D DE 2,COEN244,,D DE,2,26,1.2 attibute: 0.15,TUT-Tutorial,---J---,16:15,17:55,U,2026-03-23
2025,2025-2026,Winter,ECE,COEN244/4-S SA 1,COEN244,,S SA,1,26,1.2 attibute: 0.15,TUT-Tutorial,---J---,16:15,17:55,U,2026-03-23
2025,2025-2026,Winter,ECE,COEN244/4-S SB 1,COEN244,,S SB,1,26,1.2 attibute: 0.15,TUT-Tutorial,---J---,16:15,17:55,U,2026-03-23
2025,2025-2026,Winter,ECE,COEN244/4-S SC 1,COEN244,,S SC,1,26,1.2 attibute: 0.15,TUT-Tutorial,----F--,16:15,17:55,U,2026-03-23
2025,2025-2026,Winter,ECE,COEN244/4-S SD 1,COEN244,,S SD,1,26,1.2 attibute: 0.15,TUT-Tutorial,---J---,16:15,17:55,U,2026-03-23
2025,2025-2026,Winter,ECE,COEN244/4-S SE 1,COEN244,,S SE,1,26,1.2 attibute: 0.15,TUT-Tutorial,----F--,16:15,17:55,U,2026-03-23
2025,2025-2026,Winter,ECE,COEN311/4-W WA 1,COEN311,,W WA,1,38,1.2 attibute: 0.15,TUT-Tutorial,--W----,13:15,14:05,U,2026-03-23
2025,2025-2026,Winter,ECE,COEN311/4-W WB 1,COEN311,,W WB,1,38,1.2 attibute: 0.15,TUT-Tutorial,----F--,13:15,14:05,U,2026-03-23
2025,2025-2026,Winter,ECE,COEN311/4-W WC 1,COEN311,,W WC,1,37,1.2 attibute: 0.15,TUT-Tutorial,---J---,13:15,14:05,U,2026-03-23
2025,2025-2026,Winter,ECE,COEN311/4-Y YA 2,COEN311,,Y YA,2,38,1.2 attibute: 0.15,TUT-Tutorial,M------,13:15,14:05,U,2026-03-23
2025,2025-2026,Winter,ECE,COEN311/4-Y YB 2,COEN311,,Y YB,2,37,1.2 attibute: 0.15,TUT-Tutorial,----F--,13:15,14:05,U,2026-03-23
2025,2025-2026,Winter,ECE,COEN311/4-Y YC 2,COEN311,,Y YC,2,38,1.2 attibute: 0.15,TUT-Tutorial,M------,13:15,14:05,U,2026-03-23
2025,2025-2026,Winter,ECE,COEN313/4-U UA 2,COEN313,,U UA,2,42,1.2 attibute: 0.15,TUT-Tutorial,M------,09:10,10:00,U,2026-03-23
2025,2025-2026,Winter,ECE,COEN313/4-U UB 2,COEN313,,U UB,2,42,1.2 attibute: 0.15,TUT-Tutorial,M------,09:10,10:00,U,2026-03-23
2025,2025-2026,Winter,ECE,COEN313/4-U UC 2,COEN313,,U UC,2,42,1.2 attibute: 0.15,TUT-Tutorial,M------,09:10,10:00,U,2026-03-23
2025,2025-2026,Winter,ECE,COEN314/4-W WA 1,COEN314,,W WA,1,38,1.2 attibute: 0.15,TUT-Tutorial,--W----,10:15,11:05,U,2026-03-23
2025,2025-2026,Winter,ECE,COEN314/4-W WB 1,COEN314,,W WB,1,38,1.2 attibute: 0.15,TUT-Tutorial,-T-----,10:15,11:05,U,2026-03-23
2025,2025-2026,Winter,ECE,COEN314/4-W WC 1,COEN314,,W WC,1,37,1.2 attibute: 0.15,TUT-Tutorial,-T-----,10:15,11:05,U,2026-03-23
2025,2025-2026,Winter,ECE,COEN316/4-W WA 1,COEN316,,W WA,1,33,1.2 attibute: 0.15,TUT-Tutorial,---J---,10:15,11:05,U,2026-03-23
2025,2025-2026,Winter,ECE,COEN316/4-W WB 1,COEN316,,W WB,1,33,1.2 attibute: 0.15,TUT-Tutorial,----F--,11:45,12:35,U,2026-03-23
2025,2025-2026,Winter,ECE,COEN316/4-W WC 1,COEN316,,W WC,1,32,1.2 attibute: 0.15,TUT-Tutorial,----F--,11:45,12:35,U,2026-03-23
2025,2025-2026,Winter,ECE,COEN317/4-U UA 1,COEN317,,U UA,1,28,1.2 attibute: 0.15,TUT-Tutorial,M------,09:10,10:00,U,2026-03-23
2025,2025-2026,Winter,ECE,COEN317/4-U UB 1,COEN317,,U UB,1,28,1.2 attibute: 0.15,TUT-Tutorial,M------,09:10,10:00,U,2026-03-23
2025,2025-2026,Winter,ECE,COEN317/4-U UC 1,COEN317,,U UC,1,28,1.2 attibute: 0.15,TUT-Tutorial,M------,09:10,10:00,U,2026-03-23
2025,2025-2026,Winter,ECE,COEN320/4-P PA 2,COEN320,,P PA,2,32,1.2 attibute: 0.15,TUT-Tutorial,M------,11:45,12:35,U,2026-03-23
2025,2025-2026,Winter,ECE,COEN320/4-P PB 2,COEN320,,P PB,2,32,1.2 attibute: 0.15,TUT-Tutorial,M------,20:45,21:35,U,2026-03-23
2025,2025-2026,Winter,ECE,COEN320/4-P PC 2,COEN320,,P PC,2,32,1.2 attibute: 0.15,TUT-Tutorial,M------,11:45,12:35,U,2026-03-23
2025,2025-2026,Winter,ECE,COEN346/4-Y YA 1,COEN346,,Y YA,1,33,1.2 attibute: 0.15,TUT-Tutorial,---J---,16:15,17:05,U,2026-03-23
2025,2025-2026,Winter,ECE,COEN346/4-Y YB 1,COEN346,,Y YB,1,33,1.2 attibute: 0.15,TUT-Tutorial,M------,11:45,12:35,U,2026-03-23
2025,2025-2026,Winter,ECE,COEN346/4-Y YC 1,COEN346,,Y YC,1,32,1.2 attibute: 0.15,TUT-Tutorial,---J---,16:15,17:05,U,2026-03-23
2025,2025-2026,Winter,ECE,COEN352/4-V VA 1,COEN352,,V VA,1,28,1.2 attibute: 0.15,TUT-Tutorial,M------,10:15,11:05,U,2026-03-23
2025,2025-2026,Winter,ECE,COEN352/4-V VB 1,COEN352,,V VB,1,28,1.2 attibute: 0.15,TUT-Tutorial,M------,11:45,12:35,U,2026-03-23
2025,2025-2026,Winter,ECE,COEN352/4-V VC 1,COEN352,,V VC,1,28,1.2 attibute: 0.15,TUT-Tutorial,--W----,10:15,11:05,U,2026-03-23
2025,2025-2026,Winter,ECE,COEN352/4-V VD 1,COEN352,,V VD,1,28,1.2 attibute: 0.15,TUT-Tutorial,--W----,11:45,12:35,U,2026-03-23
2025,2025-2026,Winter,ECE,COEN448/4-W WA 1,COEN448,,W WA,1,30,1.2,TUT-Tutorial,--W----,13:15,14:05,U,2026-03-23
2025,2025-2026,Winter,ECE,ELEC242/4-U UA 1,ELEC242,,U UA,1,34,1.2 attibute: 0.15,TUT-Tutorial,----F--,10:15,11:55,U,2026-03-23
2025,2025-2026,Winter,ECE,ELEC242/4-U UB 1,ELEC242,,U UB,1,34,1.2 attibute: 0.15,TUT-Tutorial,-T-----,17:45,19:25,U,2026-03-23
2025,2025-2026,Winter,ECE,ELEC242/4-U UC 1,ELEC242,,U UC,1,34,1.2 attibute: 0.15,TUT-Tutorial,---J---,17:45,19:25,U,2026-03-23
2025,2025-2026,Winter,ECE,ELEC242/4-U UD 1,ELEC242,,U UD,1,34,1.2 attibute: 0.15,TUT-Tutorial,M------,10:15,11:55,U,2026-03-23
2025,2025-2026,Winter,ECE,ELEC251/4-W WA 1,ELEC251,,W WA,1,35,1.2 attibute: 0.15,TUT-Tutorial,---J---,14:45,15:35,U,2026-03-23
2025,2025-2026,Winter,ECE,ELEC251/4-W WB 1,ELEC251,,W WB,1,35,1.2 attibute: 0.15,TUT-Tutorial,----F--,14:45,15:35,U,2026-03-23
2025,2025-2026,Winter,ECE,ELEC273/4-D DA 9,ELEC273,,D DA,9,32,1.2 attibute: 0.15,TUT-Tutorial,---J---,14:20,16:00,U,2026-03-23
2025,2025-2026,Winter,ECE,ELEC273/4-D DB 9,ELEC273,,D DB,9,32,1.2 attibute: 0.15,TUT-Tutorial,-T-----,14:20,16:00,U,2026-03-23
2025,2025-2026,Winter,ECE,ELEC273/4-D DC 9,ELEC273,,D DC,9,32,1.2 attibute: 0.15,TUT-Tutorial,M------,14:20,16:00,U,2026-03-23
2025,2025-2026,Winter,ECE,ELEC273/4-D DD 9,ELEC273,,D DD,9,32,1.2 attibute: 0.15,TUT-Tutorial,----F--,14:20,16:00,U,2026-03-23
2025,2025-2026,Winter,ECE,ELEC273/4-W WA 1,ELEC273,,W WA,1,32,1.2 attibute: 0.15,TUT-Tutorial,--W----,12:45,14:25,U,2026-03-23
2025,2025-2026,Winter,ECE,ELEC273/4-W WB 1,ELEC273,,W WB,1,32,1.2 attibute: 0.15,TUT-Tutorial,M------,12:45,14:25,U,2026-03-23
2025,2025-2026,Winter,ECE,ELEC273/4-W WC 1,ELEC273,,W WC,1,32,1.2 attibute: 0.15,TUT-Tutorial,M------,12:45,14:25,U,2026-03-23
2025,2025-2026,Winter,ECE,ELEC273/4-W WD 1,ELEC273,,W WD,1,32,1.2 attibute: 0.15,TUT-Tutorial,M------,12:45,14:25,U,2026-03-23
2025,2025-2026,Winter,ECE,ELEC275/4-JJJA 1,ELEC275,,JJJA,1,30,1.2 attibute: 0.15,TUT-Tutorial,--W----,08:45,10:25,U,2026-03-23
2025,2025-2026,Winter,ECE,ELEC275/4-JJJB 1,ELEC275,,JJJB,1,30,1.2 attibute: 0.15,TUT-Tutorial,M------,11:45,13:25,U,2026-03-23
2025,2025-2026,Winter,ECE,ELEC275/4-JJJC 1,ELEC275,,JJJC,1,30,1.2 attibute: 0.15,TUT-Tutorial,M------,11:45,13:25,U,2026-03-23
2025,2025-2026,Winter,ECE,ELEC275/4-SSSA 2,ELEC275,,SSSA,2,40,1.2 attibute: 0.15,TUT-Tutorial,--W----,08:45,10:25,U,2026-03-23
2025,2025-2026,Winter,ECE,ELEC275/4-SSSB 2,ELEC275,,SSSB,2,32,1.2 attibute: 0.15,TUT-Tutorial,M------,08:45,10:25,U,2026-03-23
2025,2025-2026,Winter,ECE,ELEC275/4-SSSC 2,ELEC275,,SSSC,2,32,1.2 attibute: 0.15,TUT-Tutorial,--W----,08:45,10:25,U,2026-03-23
2025,2025-2026,Winter,ECE,ELEC311/4-H HA 1,ELEC311,,H HA,1,40,1.2 attibute: 0.15,TUT-Tutorial,M------,16:15,17:55,U,2026-03-23
2025,2025-2026,Winter,ECE,ELEC311/4-H HB 1,ELEC311,,H HB,1,40,1.2 attibute: 0.15,TUT-Tutorial,----F--,14:45,16:25,U,2026-03-23
2025,2025-2026,Winter,ECE,ELEC312/4-W WA 1,ELEC312,,W WA,1,40,1.2 attibute: 0.15,TUT-Tutorial,----F--,14:45,15:35,U,2026-03-23
2025,2025-2026,Winter,ECE,ELEC312/4-W WB 1,ELEC312,,W WB,1,40,1.2 attibute: 0.15,TUT-Tutorial,----F--,14:45,15:35,U,2026-03-23
2025,2025-2026,Winter,ECE,ELEC321/4-EC A 1,ELEC321,,EC A,1,42,1.2 attibute: 0.15,TUT-Tutorial,-T-----,13:15,14:05,U,2026-03-23
2025,2025-2026,Winter,ECE,ELEC321/4-EC B 1,ELEC321,,EC B,1,42,1.2 attibute: 0.15,TUT-Tutorial,---J---,13:15,14:05,U,2026-03-23
2025,2025-2026,Winter,ECE,ELEC331/4-W WA 1,ELEC331,,W WA,1,30,1.2 attibute: 0.15,TUT-Tutorial,---J---,13:15,14:05,U,2026-03-23
2025,2025-2026,Winter,ECE,ELEC331/4-W WB 1,ELEC331,,W WB,1,30,1.2 attibute: 0.15,TUT-Tutorial,M------,10:15,11:05,U,2026-03-23
2025,2025-2026,Winter,ECE,ELEC342/4-M MA 1,ELEC342,,M MA,1,33,1.2 attibute: 0.15,TUT-Tutorial,--W----,08:45,09:35,U,2026-03-23
2025,2025-2026,Winter,ECE,ELEC342/4-M MB 1,ELEC342,,M MB,1,35,1.2 attibute: 0.15,TUT-Tutorial,---J---,08:45,09:35,U,2026-03-23
2025,2025-2026,Winter,ECE,ELEC342/4-M MC 1,ELEC342,,M MC,1,28,1.2 attibute: 0.15,TUT-Tutorial,---J---,19:35,20:25,U,2026-03-23
2025,2025-2026,Winter,ECE,ELEC351/4-W WA 4,ELEC351,,W WA,4,24,1.2 attibute: 0.15,TUT-Tutorial,--W----,13:15,14:05,U,2026-03-23
2025,2025-2026,Winter,ECE,ELEC351/4-W WB 4,ELEC351,,W WB,4,24,1.2 attibute: 0.15,TUT-Tutorial,---J---,13:15,14:05,U,2026-03-23
2025,2025-2026,Winter,ECE,ELEC367/4-W WA 1,ELEC367,,W WA,1,25,1.2 attibute: 0.15,TUT-Tutorial,--W----,08:45,09:35,U,2026-03-23
2025,2025-2026,Winter,ECE,ELEC367/4-W WB 1,ELEC367,,W WB,1,25,1.2 attibute: 0.15,TUT-Tutorial,---J---,08:45,09:35,U,2026-03-23
2025,2025-2026,Winter,ECE,ELEC372/4-U UA 1,ELEC372,,U UA,1,28,1.2 attibute: 0.15,TUT-Tutorial,M------,11:45,12:35,U,2026-03-23
2025,2025-2026,Winter,ECE,ELEC372/4-U UB 1,ELEC372,,U UB,1,28,1.2 attibute: 0.15,TUT-Tutorial,--W----,11:45,12:35,U,2026-03-23
2025,2025-2026,Winter,ECE,ELEC372/4-U UC 1,ELEC372,,U UC,1,28,1.2 attibute: 0.15,TUT-Tutorial,M------,11:45,12:35,U,2026-03-23
2025,2025-2026,Winter,ECE,ELEC390/COEN390/4-EC A 1,COEN390,,EC A,1,34,1.2 attibute: 0.15,TUT-Tutorial,M------,17:45,19:25,U,2026-03-23
2025,2025-2026,Winter,ECE,ELEC390/COEN390/4-EC A 1,ELEC390,,EC A,1,16,1.2 attibute: 0.15,TUT-Tutorial,M------,17:45,19:25,U,2026-03-23
2025,2025-2026,Winter,ECE,ELEC390/COEN390/4-EC B 1,COEN390,,EC B,1,33,1.2 attibute: 0.15,TUT-Tutorial,----F--,17:45,19:25,U,2026-03-23
2025,2025-2026,Winter,ECE,ELEC390/COEN390/4-EC B 1,ELEC390,,EC B,1,17,1.2 attibute: 0.15,TUT-Tutorial,----F--,17:45,19:25,U,2026-03-23
2025,2025-2026,Winter,ECE,ENGR233/4-R RA 2,ENGR233,,R RA,2,50,1.2 attibute: 0.15,TUT-Tutorial,----F--,14:45,16:25,U,2026-03-23
2025,2025-2026,Winter,ECE,ENGR233/4-R RB 2,ENGR233,,R RB,2,50,1.2 attibute: 0.15,TUT-Tutorial,----F--,14:45,16:25,U,2026-03-23
2025,2025-2026,Winter,ECE,ENGR233/4-R RC 2,ENGR233,,R RC,2,50,1.2 attibute: 0.15,TUT-Tutorial,----F--,14:45,16:25,U,2026-03-23
2025,2025-2026,Winter,ECE,ENGR233/4-U UA 5,ENGR233,,U UA,5,50,1.2 attibute: 0.15,TUT-Tutorial,M------,09:50,11:30,U,2026-03-23
2025,2025-2026,Winter,ECE,ENGR233/4-U UB 5,ENGR233,,U UB,5,50,1.2 attibute: 0.15,TUT-Tutorial,M------,13:15,14:55,U,2026-03-23
2025,2025-2026,Winter,ECE,ENGR233/4-U UC 5,ENGR233,,U UC,5,50,1.2 attibute: 0.15,TUT-Tutorial,M------,09:50,11:30,U,2026-03-23
2025,2025-2026,Winter,ECE,ENGR290/4-N NX 44,ENGR290,,N NX,44,30,1.2 attibute: 0.15,TUT-Tutorial,M------,09:50,11:30,U,2026-03-23
2025,2025-2026,Winter,ECE,ENGR290/4-N NY 44,ENGR290,,N NY,44,30,1.2 attibute: 0.15,TUT-Tutorial,--W----,17:45,18:35,U,2026-03-23
2025,2025-2026,Winter,ECE,ENGR290/4-U UA 1,ENGR290,,U UA,1,30,1.2 attibute: 0.15,TUT-Tutorial,M------,14:45,16:25,U,2026-03-23
2025,2025-2026,Winter,ECE,ENGR290/4-U UB 1,ENGR290,,U UB,1,30,1.2 attibute: 0.15,TUT-Tutorial,----F--,14:45,16:25,U,2026-03-23
2025,2025-2026,Winter,ECE,ENGR371/4-UUUA 2,ENGR371,,UUUA,2,35,1.2 attibute: 0.15,TUT-Tutorial,----F--,14:45,15:35,U,2026-03-23
2025,2025-2026,Winter,ECE,ENGR371/4-UUUB 2,ENGR371,,UUUB,2,35,1.2 attibute: 0.15,TUT-Tutorial,M------,14:45,15:35,U,2026-03-23
2025,2025-2026,Winter,ECE,ENGR371/4-UUUC 2,ENGR371,,UUUC,2,35,1.2 attibute: 0.15,TUT-Tutorial,M------,14:45,15:35,U,2026-03-23
2025,2025-2026,Winter,ECE,ENGR371/4-UUUD 2,ENGR371,,UUUD,2,35,1.2 attibute: 0.15,TUT-Tutorial,----F--,14:45,15:35,U,2026-03-23
2025,2025-2026,Winter,ECE,ENGR371/4-W WA 3,ENGR371,,W WA,3,35,1.2 attibute: 0.15,TUT-Tutorial,--W----,08:45,09:35,U,2026-03-23
2025,2025-2026,Winter,ECE,ENGR371/4-W WB 3,ENGR371,,W WB,3,35,1.2 attibute: 0.15,TUT-Tutorial,----F--,08:45,09:35,U,2026-03-23
2025,2025-2026,Winter,ECE,ENGR371/4-W WC 3,ENGR371,,W WC,3,35,1.2 attibute: 0.15,TUT-Tutorial,----F--,08:45,09:35,U,2026-03-23
2025,2025-2026,Winter,ECE,ENGR371/4-W WD 3,ENGR371,,W WD,3,35,1.2 attibute: 0.15,TUT-Tutorial,--W----,08:45,09:35,U,2026-03-23
